7.5,0.5,0.36,6.1,0.071,17,102,0.9978,3.35,0.8,10.5,5
6.7,0.58,0.08,1.8,0.097,15,65,0.9959,3.28,0.54,9.2,5
7.5,0.5,0.36,6.1,0.071,17,102,0.9978,3.35,0.8,10.5,5
5.6,0.615,0,1.6,0.089,16,59,0.9943,3.58,0.52,9.9,5
7.8,0.61,0.29,1.6,0.114,9,29,0.9974,3.26,1.56,9.1,5
8.9,0.62,0.18,3.8,0.176,52,145,0.9986,3.16,0.88,9.2,5
8.9,0.62,0.19,3.9,0.17,51,148,0.9986,3.17,0.93,9.2,5
8.5,0.28,0.56,1.8,0.092,35,103,0.9969,3.3,0.75,10.5,7
8.1,0.56,0.28,1.7,0.368,16,56,0.9968,3.11,1.28,9.3,5
7.4,0.59,0.08,4.4,0.086,6,29,0.9974,3.38,0.5,9,4
7.9,0.32,0.51,1.8,0.341,17,56,0.9969,3.04,1.08,9.2,6
8.9,0.22,0.48,1.8,0.077,29,60,0.9968,3.39,0.53,9.4,6
7.6,0.39,0.31,2.3,0.082,23,71,0.9982,3.52,0.65,9.7,5
7.9,0.43,0.21,1.6,0.106,10,37,0.9966,3.17,0.91,9.5,5
8.5,0.49,0.11,2.3,0.084,9,67,0.9968,3.17,0.53,9.4,5
6.9,0.4,0.14,2.4,0.085,21,40,0.9968,3.43,0.63,9.7,6
6.3,0.39,0.16,1.4,0.08,11,23,0.9955,3.34,0.56,9.3,5
7.6,0.41,0.24,1.8,0.08,4,11,0.9962,3.28,0.59,9.5,5
7.9,0.43,0.21,1.6,0.106,10,37,0.9966,3.17,0.91,9.5,5
7.1,0.71,0,1.9,0.08,14,35,0.9972,3.47,0.55,9.4,5
7.8,0.645,0,2,0.082,8,16,0.9964,3.38,0.59,9.8,6
6.7,0.675,0.07,2.4,0.089,17,82,0.9958,3.35,0.54,10.1,5
6.9,0.685,0,2.5,0.105,22,37,0.9966,3.46,0.57,10.6,6
8.3,0.655,0.12,2.3,0.083,15,113,0.9966,3.17,0.66,9.8,5
6.9,0.605,0.12,10.7,0.073,40,83,0.9993,3.45,0.52,9.4,6
5.2,0.32,0.25,1.8,0.103,13,50,0.9957,3.38,0.55,9.2,5
7.8,0.645,0,5.5,0.086,5,18,0.9986,3.4,0.55,9.6,6
7.8,0.6,0.14,2.4,0.086,3,15,0.9975,3.42,0.6,10.8,6
8.1,0.38,0.28,2.1,0.066,13,30,0.9968,3.23,0.73,9.7,7
5.7,1.13,0.09,1.5,0.172,7,19,0.994,3.5,0.48,9.8,4
7.3,0.45,0.36,5.9,0.074,12,87,0.9978,3.33,0.83,10.5,5
7.3,0.45,0.36,5.9,0.074,12,87,0.9978,3.33,0.83,10.5,5
8.8,0.61,0.3,2.8,0.088,17,46,0.9976,3.26,0.51,9.3,4
7.5,0.49,0.2,2.6,0.332,8,14,0.9968,3.21,0.9,10.5,6
8.1,0.66,0.22,2.2,0.069,9,23,0.9968,3.3,1.2,10.3,5
6.8,0.67,0.02,1.8,0.05,5,11,0.9962,3.48,0.52,9.5,5
4.6,0.52,0.15,2.1,0.054,8,65,0.9934,3.9,0.56,13.1,4
7.7,0.935,0.43,2.2,0.114,22,114,0.997,3.25,0.73,9.2,5
8.7,0.29,0.52,1.6,0.113,12,37,0.9969,3.25,0.58,9.5,5
6.4,0.4,0.23,1.6,0.066,5,12,0.9958,3.34,0.56,9.2,5
5.6,0.31,0.37,1.4,0.074,12,96,0.9954,3.32,0.58,9.2,5
8.8,0.66,0.26,1.7,0.074,4,23,0.9971,3.15,0.74,9.2,5
6.6,0.52,0.04,2.2,0.069,8,15,0.9956,3.4,0.63,9.4,6
6.6,0.5,0.04,2.1,0.068,6,14,0.9955,3.39,0.64,9.4,6
8.6,0.38,0.36,3,0.081,30,119,0.997,3.2,0.56,9.4,5
7.6,0.51,0.15,2.8,0.11,33,73,0.9955,3.17,0.63,10.2,6
7.7,0.62,0.04,3.8,0.084,25,45,0.9978,3.34,0.53,9.5,5
10.2,0.42,0.57,3.4,0.07,4,10,0.9971,3.04,0.63,9.6,5
7.5,0.63,0.12,5.1,0.111,50,110,0.9983,3.26,0.77,9.4,5
7.8,0.59,0.18,2.3,0.076,17,54,0.9975,3.43,0.59,10,5
7.3,0.39,0.31,2.4,0.074,9,46,0.9962,3.41,0.54,9.4,6
8.8,0.4,0.4,2.2,0.079,19,52,0.998,3.44,0.64,9.2,5
7.7,0.69,0.49,1.8,0.115,20,112,0.9968,3.21,0.71,9.3,5
7.5,0.52,0.16,1.9,0.085,12,35,0.9968,3.38,0.62,9.5,7
8,0.52,0.03,1.7,0.07,10,35,0.99575,3.34,0.57,10,5
7.9,0.37,0.23,1.8,0.077,23,49,0.9963,3.28,0.67,9.3,5
12.5,0.56,0.49,2.4,0.064,5,27,0.9999,3.08,0.87,10.9,5
11.8,0.26,0.52,1.8,0.071,6,10,0.9968,3.2,0.72,10.2,7
8.1,0.87,0,3.3,0.096,26,61,1.00025,3.6,0.72,9.8,4
7.9,0.35,0.46,3.6,0.078,15,37,0.9973,3.35,0.86,12.8,8
6.9,0.54,0.04,3,0.077,7,27,0.9987,3.69,0.91,9.4,6
11.5,0.18,0.51,4,0.104,4,23,0.9996,3.28,0.97,10.1,6
7.9,0.545,0.06,4,0.087,27,61,0.9965,3.36,0.67,10.7,6
11.5,0.18,0.51,4,0.104,4,23,0.9996,3.28,0.97,10.1,6
10.9,0.37,0.58,4,0.071,17,65,0.99935,3.22,0.78,10.1,5
8.4,0.715,0.2,2.4,0.076,10,38,0.99735,3.31,0.64,9.4,5
7.5,0.65,0.18,7,0.088,27,94,0.99915,3.38,0.77,9.4,5
7.9,0.545,0.06,4,0.087,27,61,0.9965,3.36,0.67,10.7,6
6.9,0.54,0.04,3,0.077,7,27,0.9987,3.69,0.91,9.4,6
11.5,0.18,0.51,4,0.104,4,23,0.9996,3.28,0.97,10.1,6
10.3,0.32,0.45,6.4,0.073,5,13,0.9976,3.23,0.82,12.6,8
8.9,0.4,0.32,5.6,0.087,10,47,0.9991,3.38,0.77,10.5,7
11.4,0.26,0.44,3.6,0.071,6,19,0.9986,3.12,0.82,9.3,6
7.7,0.27,0.68,3.5,0.358,5,10,0.9972,3.25,1.08,9.9,7
7.6,0.52,0.12,3,0.067,12,53,0.9971,3.36,0.57,9.1,5
8.9,0.4,0.32,5.6,0.087,10,47,0.9991,3.38,0.77,10.5,7
9.9,0.59,0.07,3.4,0.102,32,71,1.00015,3.31,0.71,9.8,5
9.9,0.59,0.07,3.4,0.102,32,71,1.00015,3.31,0.71,9.8,5
12,0.45,0.55,2,0.073,25,49,0.9997,3.1,0.76,10.3,6
7.5,0.4,0.12,3,0.092,29,53,0.9967,3.37,0.7,10.3,6
8.7,0.52,0.09,2.5,0.091,20,49,0.9976,3.34,0.86,10.6,7
11.6,0.42,0.53,3.3,0.105,33,98,1.001,3.2,0.95,9.2,5
9.7,0.295,0.4,1.5,0.073,14,21,0.99556,3.14,0.51,10.9,6
7.7,0.39,0.12,1.7,0.097,19,27,0.99596,3.16,0.49,9.4,5
7.1,0.34,0.28,2,0.082,31,68,0.99694,3.45,0.48,9.4,5
6.5,0.4,0.1,2,0.076,30,47,0.99554,3.36,0.48,9.4,6
7.1,0.34,0.28,2,0.082,31,68,0.99694,3.45,0.48,9.4,5
10,0.35,0.45,2.5,0.092,20,88,0.99918,3.15,0.43,9.4,5
7.7,0.6,0.06,2,0.079,19,41,0.99697,3.39,0.62,10.1,6
5.6,0.66,0,2.2,0.087,3,11,0.99378,3.71,0.63,12.8,7
5.6,0.66,0,2.2,0.087,3,11,0.99378,3.71,0.63,12.8,7
8.9,0.84,0.34,1.4,0.05,4,10,0.99554,3.12,0.48,9.1,6
6.4,0.69,0,1.65,0.055,7,12,0.99162,3.47,0.53,12.9,6
7.5,0.43,0.3,2.2,0.062,6,12,0.99495,3.44,0.72,11.5,7
9.9,0.35,0.38,1.5,0.058,31,47,0.99676,3.26,0.82,10.6,7
9.1,0.29,0.33,2.05,0.063,13,27,0.99516,3.26,0.84,11.7,7
6.8,0.36,0.32,1.8,0.067,4,8,0.9928,3.36,0.55,12.8,7
8.2,0.43,0.29,1.6,0.081,27,45,0.99603,3.25,0.54,10.3,5
6.8,0.36,0.32,1.8,0.067,4,8,0.9928,3.36,0.55,12.8,7
9.1,0.29,0.33,2.05,0.063,13,27,0.99516,3.26,0.84,11.7,7
9.1,0.3,0.34,2,0.064,12,25,0.99516,3.26,0.84,11.7,7
8.9,0.35,0.4,3.6,0.11,12,24,0.99549,3.23,0.7,12,7
9.6,0.5,0.36,2.8,0.116,26,55,0.99722,3.18,0.68,10.9,5
8.9,0.28,0.45,1.7,0.067,7,12,0.99354,3.25,0.55,12.3,7
8.9,0.32,0.31,2,0.088,12,19,0.9957,3.17,0.55,10.4,6
7.7,1.005,0.15,2.1,0.102,11,32,0.99604,3.23,0.48,10,5
7.5,0.71,0,1.6,0.092,22,31,0.99635,3.38,0.58,10,6
8,0.58,0.16,2,0.12,3,7,0.99454,3.22,0.58,11.2,6
10.5,0.39,0.46,2.2,0.075,14,27,0.99598,3.06,0.84,11.4,6
8.9,0.38,0.4,2.2,0.068,12,28,0.99486,3.27,0.75,12.6,7
8,0.18,0.37,0.9,0.049,36,109,0.99007,2.89,0.44,12.7,6
8,0.18,0.37,0.9,0.049,36,109,0.99007,2.89,0.44,12.7,6
7,0.5,0.14,1.8,0.078,10,23,0.99636,3.53,0.61,10.4,5
11.3,0.36,0.66,2.4,0.123,3,8,0.99642,3.2,0.53,11.9,6
8,1.18,0.21,1.9,0.083,14,41,0.99532,3.34,0.47,10.5,5
7,0.36,0.21,2.3,0.086,20,65,0.99558,3.4,0.54,10.1,6
7,0.36,0.21,2.4,0.086,24,69,0.99556,3.4,0.53,10.1,6
7.5,0.63,0.27,2,0.083,17,91,0.99616,3.26,0.58,9.8,6
5.4,0.74,0,1.2,0.041,16,46,0.99258,4.01,0.59,12.5,6
9.9,0.44,0.46,2.2,0.091,10,41,0.99638,3.18,0.69,11.9,6
7.5,0.63,0.27,2,0.083,17,91,0.99616,3.26,0.58,9.8,6
9.1,0.76,0.68,1.7,0.414,18,64,0.99652,2.9,1.33,9.1,6
9.7,0.66,0.34,2.6,0.094,12,88,0.99796,3.26,0.66,10.1,5
5,0.74,0,1.2,0.041,16,46,0.99258,4.01,0.59,12.5,6
9.1,0.34,0.42,1.8,0.058,9,18,0.99392,3.18,0.55,11.4,5
9.1,0.36,0.39,1.8,0.06,21,55,0.99495,3.18,0.82,11,7
6.7,0.46,0.24,1.7,0.077,18,34,0.9948,3.39,0.6,10.6,6
7.8,0.53,0.01,1.6,0.077,3,19,0.995,3.16,0.46,9.8,5
7.5,0.4,0.18,1.6,0.079,24,58,0.9965,3.34,0.58,9.4,5
7,0.54,0,2.1,0.079,39,55,0.9956,3.39,0.84,11.4,6
6.4,0.53,0.09,3.9,0.123,14,31,0.9968,3.5,0.67,11,4
8.3,0.26,0.37,1.4,0.076,8,23,0.9974,3.26,0.7,9.6,6
8.3,0.26,0.37,1.4,0.076,8,23,0.9974,3.26,0.7,9.6,6
7.7,0.23,0.37,1.8,0.046,23,60,0.9971,3.41,0.71,12.1,6
7.6,0.41,0.33,2.5,0.078,6,23,0.9957,3.3,0.58,11.2,5
7.8,0.64,0,1.9,0.072,27,55,0.9962,3.31,0.63,11,5
7.9,0.18,0.4,2.2,0.049,38,67,0.996,3.33,0.93,11.3,5
6.5,0.53,0.06,2,0.063,29,44,0.99489,3.38,0.83,10.3,6
7.4,0.47,0.46,2.2,0.114,7,20,0.99647,3.32,0.63,10.5,5
6.6,0.7,0.08,2.6,0.106,14,27,0.99665,3.44,0.58,10.2,5
6.5,0.53,0.06,2,0.063,29,44,0.99489,3.38,0.83,10.3,6
6.9,0.48,0.2,1.9,0.082,9,23,0.99585,3.39,0.43,9.05,4
6.1,0.32,0.25,2.3,0.071,23,58,0.99633,3.42,0.97,10.6,5
6.8,0.48,0.25,2,0.076,29,61,0.9953,3.34,0.6,10.4,5
6,0.42,0.19,2,0.075,22,47,0.99522,3.39,0.78,10,6
6.7,0.48,0.08,2.1,0.064,18,34,0.99552,3.33,0.64,9.7,5
6.8,0.47,0.08,2.2,0.064,18,38,0.99553,3.3,0.65,9.6,6
7.5,0.52,0.4,2.2,0.06,12,20,0.99474,3.26,0.64,11.8,6
8,0.3,0.63,1.6,0.081,16,29,0.99588,3.3,0.78,10.8,6
6.2,0.7,0.15,5.1,0.076,13,27,0.99622,3.54,0.6,11.9,6